X,Y,naziv,class
15.875141867,45.8138761120001,INA,benzinske
15.9085285140001,45.8123392740001,INA,benzinske
15.931862697,45.8146043780001,INA,benzinske
15.9783551140001,45.833513494,INA,benzinske
15.981874654,45.8146730810001,INA,benzinske
16.0132078930001,45.8194280370001,INA,benzinske
16.0303382270001,45.8223634990001,INA,benzinske
16.030017,45.8231070800001,INA,benzinske
16.056327394,45.8300386490001,INA,benzinske
16.098844435,45.8282368610001,INA,benzinske
16.105532436,45.827393461,INA,benzinske
16.142817934,45.825478995,INA,benzinske
16.0844864900001,45.8053882830001,INA,benzinske
16.0590393430001,45.80112072,INA,benzinske
16.0378101090001,45.7986449700001,INA,benzinske
16.0347310230001,45.80431521,INA,benzinske
16.010354754,45.8035202950001,INA,benzinske
16.011366144,45.808469217,INA,benzinske
15.9934230650001,45.805463522,INA,benzinske
16.0082329300001,45.795933086,INA,benzinske
16.0037875260001,45.788316432,INA,benzinske
16.0049774940001,45.7888679910001,INA,benzinske
15.9834612170001,45.800700218,INA,benzinske
15.974773666,45.8016980840001,INA,benzinske
15.960542585,45.808502676,INA,benzinske
15.960482826,45.80671425,INA,benzinske
15.9595917570001,45.8038023840001,INA,benzinske
15.9556255530001,45.799841772,INA,benzinske
15.9432243970001,45.79970939,INA,benzinske
15.9255899770001,45.7944450590001,INA,benzinske
15.9175711940001,45.795744245,INA,benzinske
15.914907387,45.8005452040001,INA,benzinske
15.8971328120001,45.7972853420001,INA,benzinske
15.8773470890001,45.774894703,INA,benzinske
15.8817728870001,45.7741380350001,INA,benzinske
15.93689591,45.7706030840001,INA,benzinske
15.9361035480001,45.7715239350001,INA,benzinske
15.9712963320001,45.776809352,INA,benzinske
15.998515432,45.7784473830001,INA,benzinske
15.9912132640001,45.7697334800001,INA,benzinske
15.990663607,45.7693908370001,INA,benzinske
15.8658979580001,45.7971071960001,TIFON,benzinske
15.924426274,45.7885343350001,TIFON,benzinske
15.9017645650001,45.759044981,TIFON,benzinske
15.9011539850001,45.7188997800001,TIFON,benzinske
15.9913411100001,45.749261274,TIFON,benzinske
16.1144782860001,45.8033456210001,TIFON,benzinske
15.8621212460001,45.81199516,CRODUX,benzinske
15.9097620520001,45.795800549,CRODUX,benzinske
16.012458102,45.7958593810001,CRODUX,benzinske
16.00947287,45.796544269,CRODUX,benzinske
16.054475665,45.8014507180001,CRODUX,benzinske
16.109150861,45.805745605,CRODUX,benzinske
16.102094014,45.819239687,CRODUX,benzinske
16.1002665880001,45.823426587,CRODUX,benzinske
16.150542021,45.824897332,CRODUX,benzinske
16.1921789260001,45.8689516250001,CRODUX,benzinske
16.1926000890001,45.8702793640001,CRODUX,benzinske
16.0254571310001,45.8147763630001,CRODUX,benzinske
15.9803416940001,45.7688555660001,CRODUX,benzinske
15.9284773800001,45.767916686,CRODUX,benzinske
15.8997453900001,45.7604689730001,CRODUX,benzinske
16.0136917790001,45.734352786,CRODUX,benzinske
15.8444114960001,45.814667408,PETROL,benzinske
15.8587429900001,45.808013245,PETROL,benzinske
15.9190345270001,45.803546441,PETROL,benzinske
16.03471132,45.8164372200001,PETROL,benzinske
16.04018884,45.8172260110001,PETROL,benzinske
16.0579586540001,45.820376417,PETROL,benzinske
16.04515188,45.8262396270001,PETROL,benzinske
16.131468414,45.823951181,PETROL,benzinske
16.0969460040001,45.8067143650001,PETROL,benzinske
16.075602239,45.803049995,PETROL,benzinske
15.950014287,45.7689787310001,PETROL,benzinske
15.9474052080001,45.7564401610001,PETROL,benzinske
15.981534362,45.7612273390001,PETROL,benzinske
15.8527305690001,45.814967466,LUKOIL,benzinske
15.901139873,45.812425542,LUKOIL,benzinske
15.895154398,45.796756256,LUKOIL,benzinske
15.9450136240001,45.8074777510001,LUKOIL,benzinske
16.0459725960001,45.8372493730001,LUKOIL,benzinske
16.0953174420001,45.826821087,LUKOIL,benzinske
16.0348708990001,45.787888346,LUKOIL,benzinske
16.053444675,45.7787455650001,LUKOIL,benzinske
16.055332777,45.778574244,LUKOIL,benzinske
15.96244583,45.7773154430001,LUKOIL,benzinske
15.9518314100001,45.7729077290001,LUKOIL,benzinske
15.8594720670001,45.811117939,ADRIA OIL,benzinske
15.8674182770001,45.8121684720001,PLINSKI CENTAR ZAGREB,benzinske
15.8280726020001,45.7787971230001,CRODIESEL,benzinske
15.891780092,45.7962565500001,ZAGREBAČKI PROMETNI ZAVOD,benzinske
15.8981328560001,45.7974507910001,AGS HRVATSKA,benzinske
15.902976487,45.7970185070001,ZAGREBAČKI PROMETNI ZAVOD,benzinske
16.0132749040001,45.8032674090001,KONZUM PLUS,benzinske
16.074835883,45.8021854680001,AUTO PLIN,benzinske
16.0749213450001,45.8042577800001,PLINKA-PUH,benzinske
16.066773278,45.810244821,AUTO PLIN,benzinske
16.0822497840001,45.827046909,APIOS,benzinske
16.1001218260001,45.8285105950001,AGS HRVATSKA,benzinske
16.1185451010001,45.824277534,KONZUM PLUS,benzinske
16.1631528560001,45.8204791210001,AGS HRVATSKA,benzinske
16.1519550560001,45.8617308990001,GALIĆ-BENZ,benzinske
16.123451174,45.9155467050001,VUGIP,benzinske
16.0238368600001,45.8598604630001,ŠIMA,benzinske
16.000648487,45.7426165370001,NOVAK-BENZ,benzinske
15.932316744,45.740449224,EURO BENZ,benzinske
15.9424734730001,45.715828743,MARP-PROMET,benzinske
15.9769260385409,45.8143171094477,Tržnica Dolac,wifi
15.955322336494,45.8104908676842,Trg Francuske republike,wifi
15.9931240040326,45.803682891474,Autobusni kolodvor Zagreb,wifi
15.9936205780272,45.8033442603025,Autobusni kolodvor Zagreb,wifi
15.9839509403648,45.8121311464849,Trg hrvatskih velikana,wifi
15.9774081334006,45.8125900535408,Trg Bana Josipa Jelačića,wifi
15.9775089020048,45.8124707705533,Trg Bana Josipa Jelačića,wifi
15.9761330838348,45.8131960312615,Trg Bana Josipa Jelačića,wifi
15.9762725328366,45.8127731208262,Trg Bana Josipa Jelačića,wifi
15.9784018539489,45.8127886277939,Trg Bana Josipa Jelačića,wifi
15.9786807641627,45.8125234803629,Trg Bana Josipa Jelačića,wifi
15.9733019807179,45.8159384800059,Trg Sv. Marka,wifi
15.9734283049648,45.8155168930213,Trg Sv. Marka,wifi
15.9737936232027,45.814661657447,Palača Dverce,wifi
15.9734431030684,45.8144888144087,Palača Dverce,wifi
15.9739324213502,45.8142020524409,Palača Dverce,wifi
15.9792691206335,45.8074851464926,Trg kralja Tomislava,wifi
15.979369644165,45.8062854891381,Trg kralja Tomislava,wifi
15.9794140287268,45.805340747087,Trg kralja Tomislava,wifi
15.9779368650679,45.8057186197961,Trg kralja Tomislava,wifi
15.9777845417082,45.8074022536506,Trg kralja Tomislava,wifi
15.9770720474635,45.8045905604572,Trg kralja Tomislava,wifi
15.9792292342213,45.8083849422462,Trg Josipa Jurja Strossmayera,wifi
15.9776518600679,45.8094302329954,Trg Josipa Jurja Strossmayera,wifi
15.9777432305046,45.8082068988907,Trg Josipa Jurja Strossmayera,wifi
15.9791527855854,45.8093603132754,Trg Josipa Jurja Strossmayera,wifi
15.9781952997562,45.8103762146214,Trg Nikole Šubića Zrinskog,wifi
15.9788731635164,45.8106042418376,Trg Nikole Šubića Zrinskog,wifi
15.9772951051796,45.8114025789525,Trg Nikole Šubića Zrinskog,wifi
15.9709262176815,45.8090450783134,Trg Republike Hrvatske (HNK),wifi
15.9692343883491,45.8090054933746,Trg Republike Hrvatske (HNK),wifi
15.9692003012238,45.8102203730565,Trg Republike Hrvatske (HNK),wifi
15.970606011975,45.8101888369512,Trg Republike Hrvatske (HNK),wifi
15.9976182111157,45.8143837487622,Trg Eugena Kvaternika,wifi
15.9970133332197,45.8149008981119,Trg Eugena Kvaternika,wifi
15.9967023267327,45.8144167392861,Trg Eugena Kvaternika,wifi
15.9785153850318,45.8158622250214,Kaptol,wifi
15.9786933724878,45.8144164688438,Kaptol,wifi
15.9746271356059,45.8121633072371,Trg Petra Preradovića,wifi
15.9743406654919,45.8123645506561,Trg Petra Preradovića,wifi
15.9661761696667,45.803571502655,Studentski Centar (Savska cesta 25),wifi
15.9664108358734,45.8035694935877,Studentski Centar (Savska cesta 25),wifi
15.9662135186095,45.8037136209433,Studentski Centar (Savska cesta 25),wifi
15.9667005401271,45.8038656518603,Studentski Centar (Savska cesta 25),wifi
15.9671328016503,45.8034763228132,Studentski Centar (Savska cesta 25),wifi
16.0045250690209,45.8186393404689,Centar za kulturu i informacije Maksimir,wifi
16.0048340396198,45.818561333313,Centar za kulturu i informacije Maksimir,wifi
15.9758621967412,45.8121313148926,Bogovićeva ulica,wifi
15.9717547635871,45.8131231517418,Ilica,wifi
15.9745477361957,45.8130746864713,Ilica,wifi
15.9804049274762,45.8122873068195,Jurišićeva ulica,wifi
15.9771183537199,45.8012080177297,Trg Stjepana Radića,wifi
15.9795068728742,45.8012854083994,Trg Stjepana Radića,wifi
15.9796310555263,45.8005532856278,Trg Stjepana Radića,wifi
15.9793992827691,45.7979935261936,Ulica Hrvatske bratske zajednice – fontane,wifi
15.979393966651,45.797709467437,Ulica Hrvatske bratske zajednice – fontane,wifi
15.9794066584572,45.7966925993649,Ulica Hrvatske bratske zajednice – fontane,wifi
15.9794475429941,45.7963415469575,Ulica Hrvatske bratske zajednice – fontane,wifi
15.933636258854,45.8149223721245,Autobusni terminal Črnomerec,wifi
15.933568890199,45.8154822639267,Autobusni terminal Črnomerec,wifi
15.9345071884119,45.8155404745576,Autobusni terminal Črnomerec,wifi
15.9343484036839,45.8149656878887,Autobusni terminal Črnomerec,wifi
15.949363406957,45.7977935744766,Park Stara Trešnjevka,wifi
15.9489706672544,45.7982521101541,Park Stara Trešnjevka,wifi
15.948358857502,45.7982194394519,Park Stara Trešnjevka,wifi
15.9487687299423,45.7987080514104,Park Stara Trešnjevka,wifi
15.9498227864947,45.7981074790497,Park Stara Trešnjevka,wifi
15.9536727214421,45.7992529269884,Tržnica Trešnjevka,wifi
15.9536021138516,45.7998047445083,Tržnica Trešnjevka,wifi
15.9539662315609,45.7985502728404,Tržnica Trešnjevka,wifi
15.9541134739607,45.8000203443932,Tržnica Trešnjevka,wifi
15.9385147184827,45.7972179775693,Autobusni terminal Ljubljanica,wifi
15.9367649097935,45.7965753435376,Autobusni terminal Ljubljanica,wifi
15.9374969555041,45.7970323128845,Autobusni terminal Ljubljanica,wifi
15.936858402277,45.7955741620498,Autobusni terminal Ljubljanica,wifi
15.9644791206328,45.8037747606954,Tehnički muzej,wifi
15.9289033394413,45.7897945392593,Tržnica Jarun,wifi
15.9290755154,45.7896153049892,Tržnica Jarun,wifi
15.9641688068439,45.8136051532601,Britanski trg,wifi
15.9645967464762,45.8129731187637,Britanski trg,wifi
16.0367600610938,45.8242369120311,Autobusni terminal Dubrava,wifi
16.0366757635397,45.8248136479642,Autobusni terminal Dubrava,wifi
16.0379296129491,45.8245024427091,Autobusni terminal Dubrava,wifi
16.0131532920711,45.8185866048351,Tramvajski terminal Maksimir,wifi
16.0156538005505,45.8195326888943,Tramvajski terminal Maksimir,wifi
16.014143394579,45.8190329932244,Tramvajski terminal Maksimir,wifi
16.0129458764801,45.8179222640541,Tramvajski terminal Maksimir,wifi
16.0121371947687,45.8186928645979,Tramvajski terminal Maksimir,wifi
16.1095239203758,45.8255234369077,Autobusni terminal Sesvete,wifi
16.1082334255024,45.825844593311,Autobusni terminal Sesvete,wifi
16.1070634029972,45.8261440163796,Autobusni terminal Sesvete,wifi
15.9552131307181,45.8128677996537,Trg Dr. Franje Tuđmana,wifi
15.9562475151348,45.8130914049651,Trg Dr. Franje Tuđmana,wifi
15.9976990759952,45.8142597463526,"Trg Eugena Kvaternika, jug - Heinzelova ulica",wifi
15.9865764536233,45.8103006084236,Trg žrtava fašizma,wifi
15.9866004655826,45.8095974488011,Trg žrtava fašizma,wifi
15.9878607139129,45.8095926713364,Trg žrtava fašizma,wifi
15.9877440492774,45.8103574117753,Trg žrtava fašizma,wifi
15.9967095531871,45.7941363777061,Tržnica Savica,wifi
15.9967491496687,45.7940194542178,Tržnica Savica,wifi
15.9960086007583,45.7770114970363,Tržnica Utrina,wifi
15.9963201410919,45.776553230191,Tržnica Utrina,wifi
15.9965706135804,45.8133167807714,Tržnica Kvatrić,wifi
15.9957184049833,45.8130133352974,Tržnica Kvatrić,wifi
15.996323942907,45.8128446663424,Tržnica Kvatrić,wifi
16.0189433826182,45.8145652171281,Autobusni terminal Borongaj,wifi
16.0192993905354,45.8144428281008,Autobusni terminal Borongaj,wifi
15.9447722260027,45.78318948115,Sportski park Mladost,wifi
15.944982422122,45.7826085964486,Sportski park Mladost,wifi
15.9443274379698,45.7825400019296,Sportski park Mladost,wifi
15.9440148640083,45.78272181286,Sportski park Mladost,wifi
15.9422517290253,45.7830799312489,Sportski park Mladost,wifi
15.9422851574616,45.7822521516597,Sportski park Mladost,wifi
15.9533058627994,45.786135423822,Autobusni terminal Savski most,wifi
15.9526419800998,45.7851112133041,Autobusni terminal Savski most,wifi
15.962046001,45.8075959990001,Adžijina - istok,javni
15.9615850000001,45.8077899990001,Adžijina - zapad,javni
16.0696580000001,45.8285569990001,Aleja javora - jug,javni
16.067935,45.8288679990001,Aleja javora - sjever,javni
15.952866,45.778084999,Arena Zagreb - istok ,javni
15.952778,45.777930999,Arena Zagreb - zapad,javni
15.993662999,45.8043019990001,Autobusni kol. - istok,javni
15.9939010000001,45.8036959990001,Autobusni kol. - zapad,javni
15.9593160000001,45.8016769990001,Badalićeva - jug,javni
15.9596470000001,45.8019839990001,Badalićeva - sjever,javni
15.9798650000001,45.822280999,Belostenčeva - istok,javni
15.9798250010001,45.8226279990001,Belostenčeva - zapad,javni
16.0184100000001,45.814178999,Borongaj izlaz - jug,javni
16.018836,45.8145509990001,Borongaj ulaz - sjever,javni
16.0042950000001,45.788804999,Borovje - istok,javni
16.004202999,45.788551999,Borovje - zapad,javni
15.974188,45.8056739990001,Botanički vrt - sjever,javni
15.973644,45.8055719990001,Botanički vrt - jug,javni
15.9919770000001,45.8061249990001,Branim. tržnica - jug ,javni
15.9914669990001,45.806120999,Branim. tržnica - sjever,javni
15.983735,45.805489999,Branimirova - jug,javni
15.984476,45.805602999,Branimirova - sjever,javni
15.963038999,45.8122769990001,Britanski trg - jug,javni
15.9648330000001,45.8126109990001,Britanski trg - sjever,javni
16.0139310000001,45.818970999,Park Maksimir - jug,javni
16.012261,45.8187179990001,Park Maksimir - sjever,javni
16.0310660000001,45.8008379990001,Čavićeva - sjever,javni
16.030477999,45.801049999,Čavićeva - jug,javni
15.9339610010001,45.8154089990001,Črnomerec izlaz - sjever,javni
15.9345260000001,45.8150429990001,"Črnomerec ulaz 6,11 - jug ",javni
15.9345260000001,45.8151069990001,Črnomerec ulaz 2 - jug ,javni
16.0637790000001,45.8286699990001,Čulinečka - jug,javni
16.062186001,45.829014999,Čulinečka - sjever,javni
16.056632,45.829572999,Dankovečka - jug,javni
16.054583,45.829467999,Dankovečka - sjever,javni
16.014620999,45.8029709990001,Donje Svetice - jug,javni
16.015292001,45.8031589990001,Donje Svetice - sjever,javni
15.9833590000001,45.8129109990001,Draškovićeva - zapad,javni
15.983511,45.813301999,Draškovićeva - istok,javni
15.995035,45.8019239990001,Držićeva - istok,javni
15.9962380000001,45.8010919990001,Držićeva - jug,javni
15.9958580000001,45.800400999,Držićeva - zapad,javni
15.9943940000001,45.801070999,Držićeva - sjever,javni
16.0778240010001,45.827908999,Dubec ulaz -  sjever,javni
16.077794,45.827844999,Dubec ulaz - jug,javni
16.0399100000001,45.824778999,Dubrava - jug,javni
16.037358,45.824356999,"Dubrava 4,7,11,34 - sjever",javni
16.037221,45.824423999,Dubrava 5 - sjever ,javni
16.0372160000001,45.824489999,Dubrava 12 - sjever ,javni
16.037406,45.797156999,Elka - istok,javni
16.037523999,45.7968719990001,Elka - zapad,javni
16.0232490000001,45.804314999,Ferenščica - jug,javni
16.023633999,45.804342999,Ferenščica - sjever,javni
16.002508999,45.7919669990001,Folnegovićevo - istok,javni
16.002216,45.792230999,Folnegovićevo - zapad,javni
15.969619,45.8125029990001,Frankopanska - istok,javni
15.969406,45.813251999,Frankopanska - jug,javni
15.96862,45.8133069990001,Frankopanska - sjever,javni
15.9694270000001,45.812378999,Frankopanska - zapad,javni
16.026775,45.8029319990001,Getaldićeva - jug,javni
16.0273500000001,45.8027319990001,Getaldićeva - sjever,javni
15.9791010000001,45.8052339990001,Glavni kolodvor - jug,javni
15.9784970000001,45.8052769990001,Glavni kolodvor - sjever,javni
15.973311,45.8541029990001,Grač. Mihaljevac - istok,javni
15.973213,45.8540169990001,Grač. Mihaljevac - zapad,javni
15.9741720000001,45.8583229990001,Gračani - istok,javni
15.9739290000001,45.8582289990001,Gračani - zapad,javni
15.9756050010001,45.8487009990001,Gračanske stube - istok,javni
15.9754340000001,45.8487879990001,Gračanske stube - zapad,javni
15.981642,45.8606419990001,Gračansko Dolje izlaz - jug,javni
15.9810840000001,45.860327999,Gračansko Dolje ulaz - sjever,javni
16.0524550000001,45.828785999,Grižanska - jug,javni
16.0519570000001,45.8287999990001,Grižanska - sjever,javni
15.979475,45.8200029990001,Grškovićeva - istok,javni
15.979341999,45.8198439990001,Grškovićeva - zapad,javni
15.9795530000001,45.8279659990001,Gupčeva zvijezda - istok,javni
15.979536001,45.8276749990001,Gupčeva zvijezda - zapad,javni
16.0080110000001,45.8146859990001,Harambašićeva - jug,javni
16.008631999,45.8150449990001,Harambašićeva - sjever,javni
16.010438,45.8022809990001,Heinzelova - jug,javni
16.0013059990001,45.8120499990001,Heinzelova - jug,javni
16.0113620010001,45.802511999,Heinzelova - sjever,javni
15.9993880000001,45.811570999,Heinzelova - sjever,javni
16.022658,45.8209929990001,Hondlova - jug,javni
16.022101999,45.8210129990001,Hondlova - sjever,javni
15.9422200000001,45.7881609990001,Horvati - jug,javni
15.940185,45.7882329990001,Horvati - sjever,javni
16.0198599990001,45.8038499990001,Ivanićgradska - jug,javni
16.0206630000001,45.8040539990001,Ivanićgradska - sjever,javni
15.9574630000001,45.809067999,Jagićeva - sjever,javni
15.9775270010001,45.8364829990001,Jandrićeva - istok,javni
15.977333,45.8368599990001,Jandrićeva - zapad,javni
15.9205640000001,45.7895759990001,Jarun - jug,javni
15.920061,45.789908999,Jarun - sjever,javni
16.0080530010001,45.817578999,Jordanovac - jug,javni
16.0076100000001,45.8176319990001,Jordanovac - sjever,javni
15.965717,45.8053139990001,Jukićeva - sjever,javni
15.9658440000001,45.8051439990001,Jukićeva - jug,javni
16.048630001,45.8275439990001,Kapucinska - jug ,javni
16.048231,45.8275819990001,Kapucinska - sjever,javni
15.9837390010001,45.8104519990001,Klinika za traumatologiju - istok,javni
15.9835879990001,45.810075999,Klinika za traumatologiju - zapad,javni
15.9453520000001,45.7881389990001,Knežija - jug,javni
15.944696,45.7882329990001,Knežija - sjever,javni
15.9849150000001,45.8005279990001,Kruge - jug,javni
15.9854749990001,45.8006169990001,Kruge - sjever,javni
15.9976419990001,45.815329999,Kvaternikov trg - sjever,javni
15.9973550010001,45.8148849990001,Kvaternikov trg ulaz/izlaz - istok,javni
15.99699,45.814917999,Kvaternikov trg - jug,javni
15.9801550010001,45.8002709990001,Lisinski - jug,javni
15.977874,45.800237999,Lisinski - sjever,javni
16.04526,45.8263749990001,Ljubijska - jug,javni
16.043803,45.826024999,Ljubijska - sjever,javni
15.937553,45.7972589990001,Ljubljanica izlaz - sjever,javni
15.9385260010001,45.797220999,Ljubljanica ulaz - jug,javni
15.948365,45.8123849990001,Mandaličina - jug,javni
15.9489840000001,45.8125059990001,Mandaličina - sjever,javni
16.0362650010001,45.8232649990001,Mandlova - zapad,javni
15.9023320000001,45.793010999,Marijane Radev - jug,javni
15.901912,45.793235999,Marijane Radev - sjever,javni
16.0033930000001,45.8165059990001,Mašićeva - jug,javni
16.002911999,45.8165539990001,Mašićeva - sjever,javni
15.97477,45.8417959990001,Mihaljevac izlaz - istok,javni
15.9747320010001,45.8415879990001,Mihaljevac ulaz - zapad,javni
15.975103,45.842383999,Mihaljevac ulaz 15 - jug ,javni
15.9743480000001,45.8420839990001,Mihaljevac izlaz 15 - zapad ,javni
15.975486,45.800033999,Miramarska - jug,javni
15.973706,45.8000219990001,Miramarska - sjever,javni
16.0014830000001,45.7823369990001,Most mladosti - istok,javni
16.001273,45.7819509990001,Most mladosti - zapad,javni
16.038197,45.792589999,Munja - istok,javni
16.0384750000001,45.793169999,Munja - zapad,javni
15.979589001,45.777478999,Muzej suv.umjetnosti - jug,javni
15.980942,45.7776049990001,Muzej suv.umjetnosti - sjever,javni
15.9484180000001,45.798757999,Nehajska - jug,javni
15.947027,45.798441999,Nehajska - sjever,javni
15.999764,45.801276999,Olibska - jug,javni
16.0000390000001,45.8013559990001,Olibska - sjever,javni
15.9911690000001,45.813956999,Petrova - sjever,javni
15.9915800000001,45.8138299990001,Petrova - jug,javni
15.9069690000001,45.792385999,Petrovaradinska - jug,javni
15.9052760000001,45.792632999,Petrovaradinska - sjever,javni
16.072842,45.8281759990001,Poljanice IV - jug,javni
16.0726550000001,45.8283549990001,Poljanice IV - sjever,javni
15.892596,45.7942699990001,Prečko izlaz - sjever,javni
15.8934790000001,45.794363999,Prečko ulaz - jug,javni
15.9569970000001,45.791569999,Prisavlje - istok,javni
15.9560090000001,45.7904159990001,Prisavlje - zapad,javni
15.9780700000001,45.8317539990001,Radićevo šetalište - istok,javni
15.977962,45.831981999,Radićevo šetalište - zapad,javni
16.0038650000001,45.801480999,Radnička - jug,javni
16.0046830000001,45.801593999,Radnička - sjever,javni
16.027505999,45.822059999,Ravnice - jug,javni
16.028334,45.822373999,Ravnice - sjever,javni
15.914718001,45.7916069990001,Vrbani - jug,javni
15.912919,45.791867999,Vrbani - sjever,javni
16.0344690000001,45.7890819990001,Savišće izlaz - zapad,javni
16.034923,45.7893989990001,Savišće ulaz - istok,javni
15.9567850010001,45.777078999,Savski gaj - jug,javni
15.95633,45.7771799990001,Savski gaj - sjever,javni
15.9524459990001,45.7851009990001,Savski most izlaz - zapad,javni
15.953386,45.7862259990001,Savski most ulaz 4 - istok ,javni
15.953176,45.7860019990001,Savski most ulaz 7 - istok ,javni
15.9441390000001,45.7977979990001,Selska - jug ,javni
15.9423550000001,45.797698999,Selska - sjever,javni
15.9839020000001,45.8083569990001,Sheraton - istok,javni
15.9846160000001,45.8080819990001,Sheraton - jug,javni
15.983844,45.8069849990001,Sheraton - zapad,javni
15.898938,45.794163999,Slavenskog - jug,javni
15.8984810000001,45.794390999,Slavenskog - sjever,javni
15.998590001,45.7969009990001,Slavonska  - zapad,javni
15.998908,45.7966019990001,Slavonska - istok,javni
15.951808,45.8124149990001,Slovenska - jug,javni
15.9525600000001,45.8125419990001,Slovenska - sjever,javni
15.984611,45.7776919990001,Sopot  - sjever,javni
15.9868050000001,45.7776719990001,Sopot - jug,javni
15.9915950000001,45.777795999,Središće - jug,javni
15.989319999,45.7778119990001,Središće - sjever,javni
15.936812,45.7881139990001,Srednjaci - jug,javni
15.937464,45.788217999,Srednjaci - sjever,javni
15.9517740000001,45.786259999,St. dom S. Radić  -istok,javni
15.950969,45.786375999,St. dom S. Radić - jug,javni
15.9524270000001,45.786774999,St. dom S. Radić - sjever,javni
15.9294550000001,45.7878979990001,Staglišće -jug,javni
15.9300890000001,45.7878249990001,Staglišće - sjever,javni
15.9889380000001,45.8007289990001,Strojarska - jug,javni
15.989557,45.800822999,Strojarska - sjever,javni
15.964723,45.8029079990001,Studentski centar - istok,javni
15.964259,45.802517999,Studentski centar - zapad,javni
15.993654,45.810759999,Šubićeva - istok,javni
15.9942879990001,45.8104469990001,Šubićeva - jug,javni
15.992281,45.8102669990001,Šubićeva - sjever,javni
15.9928679990001,45.809875999,Šubićeva - zapad,javni
16.004512,45.8131969990001,Šulekova - jug,javni
16.00474,45.8133549990001,Šulekova - sjever,javni
15.9430090000001,45.8132189990001,Sveti Duh - jug,javni
15.9426330000001,45.813412999,Sveti Duh - sjever,javni
16.0134190000001,45.815389999,Svetice  - sjever,javni
16.0127420000001,45.815388999,Svetice - jug,javni
15.9710650000001,45.799814999,Sveučilišna al. - jug,javni
15.9694280000001,45.799809999,Sveučilišna al. - sjever,javni
15.957009,45.8096859990001,Talovčeva - zapad,javni
15.9643700010001,45.8032449990001,Tehnički muzej - jug,javni
15.963558,45.803442999,Tehnički muzej - sjever,javni
15.954920364,45.8000222220001,Trešnjevački trg - jug,javni
15.9544500000001,45.800105999,Trešnjevački trg - sjever,javni
15.956845,45.813120999,Trg dr. F. Tuđmana - jug,javni
15.958083,45.813191999,Trg dr. F. Tuđmana - sjever,javni
15.957455,45.8127909990001,Trg dr. F. Tuđmana - istok,javni
15.9846630000001,45.8113719990001,Trg hr. velikana - jug,javni
15.9843940000001,45.811749999,Trg hr. velikana - sjever,javni
15.9772280010001,45.8128569990001,Trg bana J. Jelačića - jug,javni
15.976505,45.8130649990001,Trg bana J. Jelačića - sjever,javni
15.991697,45.8081099990001,Trg P. Krešimira IV - istok,javni
15.9916289990001,45.807848999,Trg P. Krešimira IV - zapad,javni
15.9686980000001,45.8087429990001,Trg Republike Hrvatske  - istok,javni
15.968821001,45.8092859990001,Trg Republike Hrvatske - zapad,javni
15.987651,45.8094159990001,Trg žrt. fašizma - jug,javni
15.988434,45.8100439990001,Trg žrt. fašizma - sjever,javni
15.965241,45.7770899990001,Trnsko - jug,javni
15.964701,45.7771579990001,Trnsko - sjever,javni
15.996454,45.813953999,Tržnica Kvatrić - istok,javni
15.9948450000001,45.8122049990001,Tržnica Kvatrić - zapad,javni
15.9974730010001,45.811028999,Tuškanova - jug,javni
15.9977640000001,45.811156999,Tuškanova - sjever,javni
15.9609400000001,45.797361999,Učit. fakultet - istok,javni
15.960194001,45.7965359990001,Učit. fakultet - zapad,javni
15.9978860000001,45.7779599990001,Utrina - jug,javni
15.995789001,45.7779909990001,Utrina - sjever,javni
15.9714690000001,45.777255999,Velesajam - jug,javni
15.970827,45.7773059990001,Velesajam - sjever,javni
15.955163,45.7888839990001,Veslačka - istok,javni
15.954728,45.7885439990001,Veslačka - zapad,javni
15.95926,45.794904999,Vjesnik - istok,javni
15.958047,45.793396999,Vjesnik - zapad,javni
15.9669830010001,45.8062359990001,Vodnikova - istok,javni
15.9670830000001,45.8054759990001,Vodnikova - sjever,javni
15.9665890000001,45.805959999,Vodnikova - zapad,javni
15.9676450000001,45.805392999,Vodnikova - jug,javni
15.9868559990001,45.8138089990001,Vončinina - sjever,javni
15.9867320010001,45.8136769990001,Vončinina - jug,javni
15.967546,45.7996439990001,Vrbik - jug,javni
15.962815001,45.8001189990001,Zagrepčanka - istok,javni
15.963247,45.7994249990001,Zagrepčanka - jug,javni
15.961686,45.7987419990001,Zagrepčanka - zapad,javni
15.954909,45.809491999,Zapadni kolodvor izlaz - sjever,javni
15.95516,45.8093669990001,Zapadni kolodvor ulaz - jug,javni
16.0016640000001,45.7798359990001,Zapruđe - istok,javni
16.000930999,45.778044999,Zapruđe - jug,javni
16.0003600000001,45.778107999,Zapruđe - sjever,javni
16.0016370000001,45.7796759990001,Zapruđe ulaz 8 - istok,javni
16.0003800000001,45.7781209990001,Zapruđe ulaz 14 - sjever,javni
16.001779001,45.778983999,Zapruđe-  zapad,javni
16.0364760000001,45.7909079990001,Zg. transporti - istok,javni
16.0369260000001,45.7914689990001,Zg. transporti - zapad,javni
16.034776,45.7988609990001,Žitnjak - jug,javni
16.034341,45.7991669990001,Žitnjak - sjever,javni
15.977859999,45.809108999,Zrinjevac - istok,javni
15.977732001,45.808958999,Zrinjevac zapad,javni
15.9921622270001,45.774212016,Bazenski kompleks Utrina,sport
15.943071737,45.782498215,Sportski park Mladost,sport
15.9514998670001,45.806303083,Zimsko plivalište Mladost,sport
15.985267209,45.8152783310001,Sportsko-rekreacijski centar Šalata,sport
16.183815152,45.8117254410001,Bazen Iver,sport
15.97166502,45.782392767,Klizalište Velesajam,sport
15.951833256,45.807641205,Dom sportova,sport
15.9283375570001,45.8143079440001,Kuglana Grmoščica,sport
15.93591137,45.805799585,Kuglana Klanječka,sport
15.9621808840001,45.8037743420001,Kuglana Kranjčevićeva,sport
15.966230237,45.8120245100001,Dvorana Medulićeva,sport
15.958613402,45.7894125890001,Nogometni centar Zagreb,sport
15.911002922,45.759401612,Nogometno igralište Blato,sport
15.989808139,45.748782358,Nogometno igralište Buzin,sport
16.044394133,45.8549606600001,Nogometno igralište Concordia,sport
15.925858245,45.809422114,Nogometno igralište Kustošija,sport
16.0131145720001,45.8269053390001,Nogometno igralište Maksimir,sport
15.906673687,45.795028535,Nogometno igralište Prečko,sport
15.969963039,45.7550541430001,Nogometno igralište Sveta Klara,sport
15.9840245460001,45.797835509,Nogometno igralište Trnje,sport
16.1643644960001,45.8138295580001,Sportsko-rekreacijski centar Sesvetski Kraljevec,sport
15.896172962,45.812963387,Sportsko-rekreacijski centar Vrapče,sport
15.930748325,45.753318231,Nogometno igralište Botinec,sport
15.9080135090001,45.7252040770001,Nogometno igralište Brezovica,sport
16.067495772,45.8169520650001,Nogometno igralište Čulinec,sport
15.943802164,45.665859309,Nogometno igralište Dragonožec,sport
16.0185510760001,45.764749867,Nogometno igralište Jakuševec,sport
15.990466482,45.7272933470001,Nogometno igralište Odra,sport
16.0145729070001,45.873645577,Nogometno igralište Prigorje,sport
15.9410068610001,45.783319281,Nogometno igralište Sava,sport
15.950998973,45.8533503100001,Sportsko-rekreacijski centar Šestine,sport
16.0529951620001,45.8141407800001,Rekreacijski centar Trnava,sport
15.9387648380001,45.8465716170001,Igralište za mali nogomet Bijenik,sport
15.9294652560001,45.667801566,Igralište Donji Trpuci,sport
16.0462077600001,45.8316327430001,Nogometno igralište Dubrava,sport
16.1241049980001,45.907212416,Nogometno igralište Kašina,sport
15.833467087,45.815356374,Nogometno igralište Podsused,sport
16.068728197,45.8230294860001,Nogometno igralište Retkovec (NE RADI),sport
16.16026742,45.869914717,Nogometno igralište Žerjavinec,sport
16.0540039790001,45.8384714360001,Sportsko-rekreacijski centar Grana-Klaka,sport
16.015826792,45.804865852,Sportsko-rekreacijski centar Peščenica,sport
16.024945159,45.8179505950001,Sportsko-rekreacijski centar Maksimirska naselja,sport
15.935733123,45.704582019,Nogometno igralište Odranski Obrež,sport
15.8800608550001,45.814220022,Sportsko-rekreacijski centar Ponikve,sport
15.9811993390001,45.7914085940001,Sportsko-rekreacijski centar Staro Trnje,sport
16.1045469170001,45.8234403050001,Sportsko-rekreacijski centar Sljeme,sport
16.0014016000001,45.7879631550001,Nogometno igralište Savica,sport
15.9310487500001,45.7922160190001,Nogometno igralište Jarun,sport
16.0623003100001,45.834825643,Nogometno igralište Studentski grad,sport
16.015390568,45.729281186,Nogometno igralište Hrašće,sport
15.891071776,45.7450553620001,Nogometno igralište Hrvatski Leskovac,sport
15.9722648580001,45.7215614520001,Nogometno igralište Mala Mlaka,sport
16.0000596040001,45.763528223,Nogometno igralište Zelengaj,sport
15.96108852,45.7467541610001,Nogometno igralište Čehi,sport
15.9189151790001,45.708826221,Nogometno igralište Odranski Strmec,sport
15.9411149040001,45.795345222,Sportski park Trešnjevka,sport
15.9931518380001,45.7982205320001,Sportsko-rekreacijski centar Trnje,sport
15.993493055,45.774314195,Sportsko-rekreacijski centar Utrina,sport
15.8959674170001,45.80764149,Malonogometno igralište Malešnica,sport
15.936379081,45.80480879,Nogometno igralište Pongračevo,sport
15.9207890640001,45.80211861,Sportsko-rekreacijski centar Rudeš,sport
15.9616190190001,45.7899681320001,Boćarski dom Zrinjevac,sport
15.9659503190001,45.7846377340001,Hipodrom Zagreb,sport
15.9090265880001,45.780073094,Baseball igralište,sport
15.953720763,45.785654347,Kajakaški dom Zagreb,sport
15.9806704970001,45.7907099880001,Veslački dom Croatia,sport
15.95694265,45.7872243790001,Veslački dom Zagreb,sport
15.974160554,45.7719215720001,Boćalište Siget,sport
15.960627941,45.8032120830001,Dom sportskih ribolovaca,sport
15.944502873,45.9013909700001,Staze za skijaško trčanje Sljeme,sport
15.9770822890001,45.8181311860001,Igralište Opatovina,sport
16.053680372,45.8727755510001,Igralište Slanovečka,sport
15.9873142070001,45.8081053380001,Košarkaško igralište Križanićeva,sport
15.9594564990001,45.8168310620001,Omladinski park,sport
16.124203778,45.9066936140001,Rukometno igralište Mažuranićeva,sport
15.954054032,45.81058404,Rukometno igralište Metalac,sport
16.090178296,45.828400312,Rukometno igralište Novo Brestje,sport
15.913589631,45.7852812250001,Rekreacijsko sportski centar Jarun,sport
15.857414996,45.7705381060001,Sportski aerodrom Lučko,sport
15.961893165,45.8037947270001,Gradsko boćalište Kranjčevićeva,sport
15.954957134,45.786376696,Veslački dom Trešnjevka,sport
15.9492166800001,45.80525986,Zagrebački hokejski centar,sport
15.8978413360001,45.814188008,Igralište za odbojku na pijesku,sport
15.970239325,45.856166284,Sportsko-rekreacijski centar Gračani,sport
15.9945224570001,45.832830594,Sportsko-rekreacijski centar Kozjak,sport
15.9480899820001,45.9004026210001,Skijaške žičare i tereni,sport
15.9935306850001,45.8093185800001,Sportsko-rekreacijski centar Šubićevac,sport
15.963577038,45.8028353600001,Košarkaški centar Dražen Petrović,sport
15.970059985,45.8086964710001,Gimnastički dom Hrvatski sokol,sport
16.06258239,45.8323172570001,Školska sportska dvorana Dubrava,sport
16.025886568,45.805387114,Školska sportska dvorana Peščenica,sport
16.106764194,45.8333339420001,Školska sportska dvorana Sesvete,sport
15.9632866370001,45.7741748620001,Školska sportska dvorana Boško Božić Pepsi,sport
15.832545548,45.8179283380001,Sportska dvorana Sutinska vrela,sport
15.9418380160001,45.7966675100001,Sportska dvorana Trešnjevka,sport
15.9861982640001,45.8141979060001,Dvorana Medvedgrad,sport
15.994041893,45.808254418,Dvorana Medveščak,sport
16.0072399920001,45.8161034240001,Dvorana Škrlčeva,sport
15.910877699,45.8080409770001,Sportski centar Medarska,sport
15.967031569,45.7967488630001,Dvorana za stolni tenis Vrbik,sport
15.9694419460001,45.8161742780001,Košarkaški centar Tuškanac,sport
15.9927035040001,45.7762222260001,Školsko-sportski centar Utrine,sport
15.9471121620001,45.7709968930001,Sportske površine Remetinec,sport
15.92067042,45.7976500950001,Dvorana Rudeš,sport
15.9289009500001,45.8001110980001,Školsko-sportski centar Konavoska,sport
16.004773899,45.765911402,Sportske površine Dugave,sport
15.954306709,45.790793718,Sportske površine Knežija (NE RADI),sport
15.948830862,45.810691122,Dvorana Ban Keglević,sport
16.042701159,45.8324557610001,Dvorana za boćanje Dubrava,sport
15.986912063,45.810881029,Dvorana Lika,sport
15.966942454,45.804758679,Dvorana Lokomotiva,sport
15.9810687240001,45.811106083,Sportska dvorana Palmotićeva,sport
15.965187251,45.770874082,Sportske površine Trnsko,sport
15.9855987880001,45.7853577050001,Sportsko-rekreacijski centar Bundek,sport
16.107587816,45.83520079,Sportsko-rekreacijski centar Sesvete,sport
15.9013261430001,45.8010376070001,Sportsko-rekreacijski centar Špansko,sport
16.0107229720001,45.7941008430001,Sportsko-rekreacijski centar Folnegovićevo,sport
15.8699313920001,45.8323961630001,Sportsko-rekreacijski centar Gornji Stenjevec,sport
16.105721128,45.8316807520001,Sportsko-rekreacijski centar Luka -boćanje,sport
15.927640314,45.8453905390001,Sportsko-rekreacijski centar Medvedgrad,sport
16.133874866,45.830828936,Sportsko-rekreacijski centar Sesvetska sela,sport
16.0097108090001,45.8259128940001,Mini sportsko-rekreacijski centar Barutanski breg,sport
16.0412570660001,45.808589151,Sportsko-rekreacijski centar Borongaj-Lugovi,sport
15.9749711630001,45.8376267880001,Sportsko-rekreacijski centar Gupčeva zvijezda,sport
16.0499352310001,45.8263374790001,Sportsko-rekreacijski centar Ivan Mažuranić,sport
15.9918374280001,45.852419969,Sportsko-rekreacijski centar Remete,sport
15.972558642,45.8203361560001,Sportsko-rekreacijski centar Tuškanac,sport
15.9874993610001,45.7730925330001,Sportsko-rekreacijski centar Sopot,sport
16.01792196,45.8186699230001,Gradski stadion Maksimir,sport
15.960825083,45.80451371,Nogometni stadion Zagreb,sport
15.9726025040001,45.7717253440001,Nogometni stadion NK Hrvatski Dragovoljac,sport
15.868256606,45.7599255210001,Nogometni stadion Lučko,sport
16.1174221200001,45.8360692320001,Nogometni stadion Radnik,sport
15.9682370310001,45.781287987,Nogometni stadion NK Lokomotiva,sport
15.996116021,45.790087204,Streljana Savica,sport
16.012907097,45.8286248430001,Streljana Maksimir,sport
15.992422544,45.807982021,Streljana Medveščak,sport
15.983029683,45.7733035140001,Streljana Sopot,sport
15.9852134380001,45.796493603,Streljana Trnje,sport
15.968333412,45.7093829020001,Streljana Luže,sport
15.975183126,45.8087094100001,Streljana Sveučilište,sport
16.0324815970001,45.821752916,Teniski centar Maksimir,sport
16.0019962920001,45.789049538,Teniski centar Chromos,sport
16.0007965670001,45.789151949,Teniski centar Chromos-Savica,sport
15.951145218,45.8046946850001,"Teniski centar ""HTK Zagreb""",sport
15.905721525,45.795336493,Teniski centar Prečko,sport
15.8319638410001,45.822175316,Teniska dvorana Podsused,sport
15.974467368,45.820844488,Tenisko igralište Dubravkin put,sport
16.1067281680001,45.8101728720001,Bazen Jelkovec,sport
15.9298080930001,45.8877881990001,PD Grafičar,sport
15.96896,45.903620002,PD Ivan Pančkovski - Puntijarka,sport
15.9177300000001,45.8781400010001,PD Risnjak,sport
15.961356,45.897264002,PD Runolist,sport
16.011168878,45.7929863510001,Sportsko-rekreacijski centar Borovje,sport
15.830633015,45.819243224,PD Podsused (NE RADI),sport
16.057783751,45.832308626,Taekwondo centar Dubrava,sport
15.8979510070001,45.777304143,Golf&Country Club Zagreb,sport
16.162638359,45.9025140780001,Aquapark Adamovec,sport
15.9559717920001,45.786941363,Veslački dom Mladost,sport
16.1053124750001,45.8310219630001,Sportsko-rekreacijski centar Luka (boćalište),sport
15.9749711630001,45.8376267880001,Sportsko-rekreacijski centar Gupčeva zvijezda,sport
15.9852626520001,45.8162717280001,Sportsko-rekreacijski centar Šalata,sport
16.0041792370001,45.7656730640001,Sportske površine Dugave,sport
15.9476330570001,45.7712068280001,Sportske površine Remetinec,sport
15.94436404,45.7823668660001,Sportski park Mladost,sport
15.9854194530001,45.8155225680001,Sportsko-rekreacijski centar Šalata,sport
15.951848613,45.8074864330001,Dom sportova,sport
16.015938739,45.8175557700001,Bazenski kompleks Svetice,sport
15.9514998670001,45.806303083,Zimsko plivalište Mladost,sport
15.9941225650001,45.832679248,Sportsko-rekreacijski centar Kozjak,sport
15.970239325,45.856166284,Sportsko-rekreacijski centar Gračani,sport
15.993493055,45.774314195,Sportsko-rekreacijski centar Utrina,sport
15.993517001,45.7739238620001,Sportsko-rekreacijski centar Utrina,sport
15.981227953,45.7909952700001,Sportsko-rekreacijski centar Staro Trnje,sport
15.9413496010001,45.796314383,Sportski park Trešnjevka,sport
15.993826099,45.799156528,Sportsko-rekreacijski centar Trnje,sport
15.9219205250001,45.80198626,Sportsko-rekreacijski centar Rudeš,sport
15.8797750160001,45.8140844710001,Sportsko-rekreacijski centar Ponikve,sport
15.984608,45.816533195,Sportsko-rekreacijski centar Šalata,sport
16.0252317280001,45.817463064,Sportsko-rekreacijski centar Maksimirska naselja,sport
16.0548929180001,45.839461885,Sportsko-rekreacijski centar Grana-Klaka,sport
15.9938372230001,45.7985594580001,Sportsko-rekreacijski centar Trnje,sport
15.9231791190001,45.8028927510001,Sportsko-rekreacijski centar Rudeš,sport
16.016947024,45.8055942340001,Sportsko-rekreacijski centar Peščenica,sport
15.896878244,45.8133414930001,Sportsko-rekreacijski centar Vrapče,sport
16.1650066030001,45.8136829210001,Sportsko-rekreacijski centar Sesvetski Kraljevec,sport
16.0529951620001,45.8141407800001,Rekreacijski centar Trnava,sport
15.879363203,45.8146379360001,Sportsko-rekreacijski centar Ponikve,sport
16.024456851,45.8173202990001,Sportsko-rekreacijski centar Maksimirska naselja,sport
16.1045469170001,45.8234403050001,Sportsko-rekreacijski centar Sljeme,sport
15.9512706570001,45.8534622080001,Sportsko-rekreacijski centar Šestine,sport
16.0159841120001,45.839046368,Sportsko-rekreacijski centar Požarinje,sport
16.01463231,45.8173720680001,Sportsko-rekreacijski centar Svetice,sport
15.9675407940001,45.7783015470001,Atletska dvorana Zagrebački Velesajam,sport
15.97453782,45.7803435540001,Boksačka dvorana Zagrebački Velesajam,sport
15.868494163,45.762993398,Sportski centar Lučko Gimnastička dvorana,sport
16.102633666,45.8127429040001,Boksačka dvorana Jelkovec,sport
15.868141865,45.761664803,Nogometno igralište,sport
15.9926217500001,45.7730534940001,Sportska dvorana Utrina,sport
15.9650839600001,45.7713911480001,Sportske površine Trnsko,sport
16.054425694,45.8385492520001,Sportsko-rekreacijski centar Grana-Klaka,sport
15.980600829,45.7910022300001,Sportsko-rekreacijski centar Staro Trnje,sport
15.87595,45.8425400020001,PD Glavica,sport
15.9075508280001,45.7245768020001,Dvorana za hrvanje Brezovica,sport
15.9694628340001,45.7714430400001,Sportski centar Siget,sport
15.9452453800001,45.801658172,BAJKA,vrtici
15.938020748,45.808916885,BAJKA,vrtici
15.9372199370001,45.799718103,BAJKA,vrtici
15.94402818,45.8027252630001,BAJKA,vrtici
15.938067732,45.7538961400001,BOTINEC,vrtici
15.9962858160001,45.731218901,BOTINEC,vrtici
15.9370136220001,45.754532511,BOTINEC,vrtici
15.977670409,45.730282834,BOTINEC,vrtici
15.9729339510001,45.8061450760001,BUDUĆNOST,vrtici
15.974978402,45.805999904,BUDUĆNOST,vrtici
16.0012952430001,45.8392736550001,BUKOVAC,vrtici
15.9968782660001,45.8484259420001,BUKOVAC,vrtici
16.017830455,45.806631022,CVRČAK,vrtici
16.024393843,45.808659316,CVRČAK,vrtici
16.0252915450001,45.8122014940001,CVRČAK,vrtici
16.045417249,45.8081342900001,CVRČAK,vrtici
16.025558285,45.802395909,DUGA,vrtici
16.017658065,45.813635381,DUGA,vrtici
16.023831467,45.8070269940001,DUGA,vrtici
16.109372122,45.8125509210001,EN TEN TINI,vrtici
16.102233998,45.8124985810001,EN TEN TINI,vrtici
15.8749831430001,45.815238487,GAJNICE,vrtici
15.873631066,45.8169987300001,GAJNICE,vrtici
15.878093123,45.8184573770001,GAJNICE,vrtici
15.840596201,45.81729497,GAJNICE,vrtici
15.840901715,45.817347839,GAJNICE,vrtici
15.9188786030001,45.7983115060001,GRIGORA VITEZA,vrtici
15.919802093,45.792499725,GRIGORA VITEZA,vrtici
15.920962413,45.7924519840001,GRIGORA VITEZA,vrtici
15.9204183730001,45.79358882,GRIGORA VITEZA,vrtici
15.920192231,45.7978070950001,GRIGORA VITEZA,vrtici
15.9199912350001,45.7939445920001,GRIGORA VITEZA,vrtici
15.8906643890001,45.7473781890001,HRVATSKI LESKOVAC,vrtici
15.932896681,45.766658776,HRVATSKI LESKOVAC,vrtici
15.879491424,45.760944065,HRVATSKI LESKOVAC,vrtici
15.9100247430001,45.7257751930001,HRVATSKI LESKOVAC,vrtici
16.042150448,45.8230273300001,IVANE BRLIĆ MAŽURANIĆ,vrtici
16.0485533180001,45.825708456,IVANE BRLIĆ MAŽURANIĆ,vrtici
16.0481497320001,45.822984897,IVANE BRLIĆ MAŽURANIĆ,vrtici
15.9867034100001,45.798890887,ISKRICA,vrtici
15.984565004,45.7963799140001,ISKRICA,vrtici
16.061054819,45.8140387030001,JABUKA,vrtici
16.087301165,45.802691119,JABUKA,vrtici
15.9251252290001,45.7839365200001,JARUN,vrtici
15.9325045750001,45.788307655,JARUN,vrtici
15.9299611170001,45.7854366010001,JARUN,vrtici
15.92985923,45.7904476140001,JARUN,vrtici
15.9323256810001,45.786241187,JARUN,vrtici
15.934089811,45.7890541620001,JARUN,vrtici
15.929431317,45.7859966010001,JARUN,vrtici
16.057341503,45.850843942,KOLIBRI,vrtici
16.0393423580001,45.8630452730001,KOLIBRI,vrtici
16.081926858,45.853969815,KOLIBRI,vrtici
15.9591397940001,45.8124167940001,KRIJESNICE,vrtici
15.9601112080001,45.811451139,KRIJESNICE,vrtici
15.9596801710001,45.8114769050001,KRIJESNICE,vrtici
15.9210536840001,45.8098583010001,KUSTOŠIJA,vrtici
15.912111612,45.7894931480001,KUSTOŠIJA,vrtici
16.116015997,45.828483228,LEPTIR,vrtici
16.0917165270001,45.821343531,LEPTIR,vrtici
16.1164355220001,45.830366821,LEPTIR,vrtici
16.110746512,45.8272828010001,LEPTIR,vrtici
16.0241192230001,45.8182044800001,MAKSIMIR,vrtici
16.023449134,45.8182106990001,MAKSIMIR,vrtici
16.0284200790001,45.8204021270001,MAKSIMIR,vrtici
15.8993023470001,45.8095243980001,MALEŠNICA,vrtici
15.904480994,45.8036583800001,MALEŠNICA,vrtici
15.9990830190001,45.8195937080001,MALI PRINC,vrtici
15.9991109760001,45.831084817,MALI PRINC,vrtici
16.006132107,45.819692418,MALI PRINC,vrtici
16.0160739770001,45.875594333,MARKUŠEVEC,vrtici
16.0284509730001,45.8921892340001,MARKUŠEVEC,vrtici
15.995712514,45.8656778370001,MARKUŠEVEC,vrtici
16.0150312270001,45.8767900450001,MARKUŠEVEC,vrtici
16.118925141,45.8356040190001,MARKUŠEVEC,vrtici
15.945866622,45.79204136,MATIJE GUPCA,vrtici
15.9207017100001,45.7979865790001,MATIJE GUPCA,vrtici
15.952936235,45.787889744,MATIJE GUPCA,vrtici
15.951650177,45.7940045490001,MATIJE GUPCA,vrtici
16.0637157420001,45.8290116470001,MEDO BRUNDO,vrtici
16.0643446060001,45.828832199,MEDO BRUNDO,vrtici
16.067342984,45.8274767170001,MEDO BRUNDO,vrtici
16.0667827290001,45.8284879400001,MEDO BRUNDO,vrtici
15.9878664890001,45.8178682980001,MEDVEŠČAK,vrtici
15.9919831350001,45.814045633,MEDVEŠČAK,vrtici
15.9913316720001,45.812149026,MEDVEŠČAK,vrtici
15.991355189,45.811869657,MEDVEŠČAK,vrtici
15.987896876,45.8121808330001,MEDVEŠČAK,vrtici
15.990549425,45.8158802290001,MEDVEŠČAK,vrtici
16.0093419880001,45.7938142610001,MILANA SACHSA,vrtici
16.0114760340001,45.7916112520001,MILANA SACHSA,vrtici
16.016736974,45.7882690980001,MILANA SACHSA,vrtici
16.0497458310001,45.8357229870001,PČELICA,vrtici
16.066234342,45.826695246,PČELICA,vrtici
16.0450856040001,45.827976666,PČELICA,vrtici
15.9304233620001,45.812983053,PETAR PAN,vrtici
15.943223538,45.8154256510001,PETAR PAN,vrtici
15.9461984650001,45.8126744090001,PETAR PAN,vrtici
15.9524461030001,45.8113954980001,PETAR PAN,vrtici
15.918756391,45.82293946,PETAR PAN,vrtici
16.060287725,45.8365555870001,POLETARAC,vrtici
16.0573829890001,45.8377721360001,POLETARAC,vrtici
16.0574048280001,45.8386058770001,POLETARAC,vrtici
16.057431423,45.8394406260001,POLETARAC,vrtici
15.9580974400001,45.7986285060001,POTOČNICA,vrtici
15.9016209800001,45.7944239330001,PREČKO,vrtici
15.894824285,45.79267366,PREČKO,vrtici
15.895004215,45.7955045680001,PREČKO,vrtici
16.0390709530001,45.834321829,RADOST,vrtici
16.044762425,45.8267600300001,RADOST,vrtici
16.0453715680001,45.8269679680001,RADOST,vrtici
16.045991567,45.827170906,RADOST,vrtici
15.9806110700001,45.8102869900001,RAZLIČAK,vrtici
15.9572239620001,45.852659724,RAZLIČAK,vrtici
15.9776702080001,45.8185081450001,RAZLIČAK,vrtici
15.9824360700001,45.811692023,RAZLIČAK,vrtici
15.9784303220001,45.8220817320001,RAZLIČAK,vrtici
15.981131197,45.8115975650001,RAZLIČAK,vrtici
15.9499610290001,45.774857603,REMETINEC,vrtici
15.956212373,45.7754253370001,REMETINEC,vrtici
15.945932213,45.77051684,REMETINEC,vrtici
15.994989165,45.7930407040001,SAVICA,vrtici
15.9943467530001,45.78970321,SAVICA,vrtici
16.109128361,45.82964409,SESVETE,vrtici
16.091730399,45.829938849,SESVETE,vrtici
16.1121257560001,45.8970626280001,SESVETE,vrtici
16.0969097830001,45.8301545620001,SESVETE,vrtici
16.094147767,45.8294761500001,SESVETE,vrtici
16.1117555060001,45.8762765650001,SESVETE,vrtici
15.969425416,45.7746458760001,SIGET,vrtici
15.974953117,45.772226651,SIGET,vrtici
15.9856249310001,45.776568684,SOPOT,vrtici
15.986949726,45.774640789,SOPOT,vrtici
15.9439085170001,45.789833818,SREDNJACI,vrtici
15.9400794310001,45.7925883870001,SREDNJACI,vrtici
16.0709550290001,45.829853911,SUNCE,vrtici
16.078043673,45.831446666,SUNCE,vrtici
15.9041296230001,45.7990505770001,SUNČANA,vrtici
15.895435773,45.804235787,SUNČANA,vrtici
15.895401162,45.8045571910001,SUNČANA,vrtici
15.895300805,45.80517617,SUNČANA,vrtici
15.8966298020001,45.8039620820001,SUNČANA,vrtici
16.111563457,45.830588538,ŠEGRT HLAPIĆ,vrtici
16.1298829570001,45.8252277380001,ŠEGRT HLAPIĆ,vrtici
16.170762649,45.8234988180001,ŠEGRT HLAPIĆ,vrtici
16.182430868,45.811054314,ŠEGRT HLAPIĆ,vrtici
16.1697121080001,45.8230168270001,ŠEGRT HLAPIĆ,vrtici
15.8976736130001,45.8000894640001,ŠPANSKO,vrtici
15.8976508050001,45.805453033,ŠPANSKO,vrtici
15.901520432,45.802722869,ŠPANSKO,vrtici
15.9091064880001,45.800671134,ŠPANSKO,vrtici
15.894103999,45.8050621240001,ŠPANSKO,vrtici
15.937232985,45.820204894,ŠUMSKA JAGODA,vrtici
15.9408729350001,45.8187061610001,ŠUMSKA JAGODA,vrtici
15.928656097,45.845746746,ŠUMSKA JAGODA,vrtici
15.939079652,45.8472944710001,ŠUMSKA JAGODA,vrtici
15.9392977740001,45.821555738,ŠUMSKA JAGODA,vrtici
15.960698817,45.815399875,TATJANE MARINIĆ,vrtici
15.972280475,45.815589011,TATJANE MARINIĆ,vrtici
15.9689408310001,45.8199094670001,TATJANE MARINIĆ,vrtici
15.9983802200001,45.765917759,TRATINČICA,vrtici
15.9936288590001,45.7666534430001,TRATINČICA,vrtici
15.992158272,45.765878215,TRATINČICA,vrtici
15.995364104,45.7625638700001,TRATINČICA,vrtici
15.9963422590001,45.762682731,TRATINČICA,vrtici
15.9901516460001,45.7508583960001,TRATINČICA,vrtici
15.987066402,45.763245682,TRATINČICA,vrtici
15.995131497,45.7688255570001,TRAVNO,vrtici
15.9999700170001,45.770670823,TRAVNO,vrtici
16.016961929,45.7381716460001,TRAVNO,vrtici
15.996393373,45.77203217,TRAVNO,vrtici
15.958639756,45.802948933,TREŠNJEVKA,vrtici
15.953886101,45.8012916500001,TREŠNJEVKA,vrtici
16.00213956,45.812902159,TRNORUŽICA,vrtici
16.00066116,45.813313303,TRNORUŽICA,vrtici
15.9634340260001,45.774748097,TRNSKO,vrtici
15.963063914,45.772367554,TRNSKO,vrtici
15.964197616,45.7699360330001,TRNSKO,vrtici
15.960973568,45.7800968080001,TRNSKO,vrtici
15.997163637,45.7769886070001,UTRINA,vrtici
15.994525437,45.7749283890001,UTRINA,vrtici
16.000255125,45.7741054420001,UTRINA,vrtici
15.9989273260001,45.8121450670001,VEDRI DANI,vrtici
15.987795164,45.8079763530001,VEDRI DANI,vrtici
15.9966018150001,45.8114626080001,VEDRI DANI,vrtici
15.987390841,45.8093161350001,VEDRI DANI,vrtici
15.9934107030001,45.809684636,VEDRI DANI,vrtici
15.996110006,45.808526837,VEDRI DANI,vrtici
15.9771073150001,45.8395821300001,VJEVERICA,vrtici
15.9724335810001,45.8584049350001,VJEVERICA,vrtici
15.984269973,45.824812926,VJEVERICA,vrtici
15.985998647,45.818159903,VJEVERICA,vrtici
15.99747273,45.7997643240001,VLADIMIRA NAZORA,vrtici
16.0028494910001,45.794905095,VLADIMIRA NAZORA,vrtici
15.995572259,45.803744388,VLADIMIRA NAZORA,vrtici
15.9009143380001,45.81424644,VRAPČE,vrtici
15.8819332960001,45.816487598,VRAPČE,vrtici
15.905092992,45.831765481,VRAPČE,vrtici
15.8937772080001,45.818689233,VRAPČE,vrtici
15.9078431520001,45.8142739210001,VRAPČE,vrtici
15.9626160830001,45.7962049180001,VRBIK,vrtici
15.9627449880001,45.790045956,VRBIK,vrtici
15.9684378160001,45.7971957440001,VRBIK,vrtici
15.9938289670001,45.7808743370001,ZAPRUĐE,vrtici
15.9830641680001,45.7803565350001,ZAPRUĐE,vrtici
16.050702845,45.7945604400001,ZRNO,vrtici
16.0592394620001,45.7750086620001,ZRNO,vrtici
15.9272170940001,45.804909713,ZVONČIĆ,vrtici
15.926817187,45.8015647830001,ZVONČIĆ,vrtici
15.93007384,45.7988573870001,ZVONČIĆ,vrtici
15.9296918750001,45.8049375690001,ZVONČIĆ,vrtici
15.9289357920001,45.804922725,ZVONČIĆ,vrtici
15.941259158,45.6632818780001,HRVATSKI LESKOVAC,vrtici
16.012784531,45.7643548680001,TRATINČICA,vrtici
15.965032609,45.809284544,IZVOR (KLINIKA ZA DJEČJE BOLESTI),vrtici
16.0064531410001,45.824081468,BUKOVAC,vrtici
16.009001176,45.8393724420001,BUKOVAC,vrtici
15.964979504,45.810624811,IZVOR,vrtici
15.9981023760001,45.7807409420001,ZAPRUĐE,vrtici
15.910255116,45.7897859130001,BAJKA,vrtici
15.9923505150001,45.82702958,SVEMIRKO,vrtici
16.0031960860001,45.833217792,SV. FRANJE,vrtici
15.9973164400001,45.7492719350001,ČAROBNA ŠUMA,vrtici
15.982191733,45.782720587,MALI ISTRAŽIVAČ,vrtici
15.887322248,45.7486734020001,LETEĆI MEDVJEDIĆI,vrtici
15.8893085550001,45.7641511300001,MALI SVIJET,vrtici
15.8844230560001,45.761629758,MALI SVIJET,vrtici
15.970544117,45.7601721680001,PINGVIN,vrtici
15.91737721,45.7937726580001,ČUPKO,vrtici
15.9226640150001,45.7953914170001,KOCKICA,vrtici
15.889305123,45.8065011740001,KOCKICA,vrtici
15.913876225,45.8008471380001,PANDA,vrtici
15.9420740640001,45.8003073410001,"OSNOVNA MONTESSORI ŠKOLA ""BARUNICE DEDEE VRANYCZANI""",vrtici
15.932262892,45.7906650990001,NEMO,vrtici
15.931922533,45.790034446,NEMO,vrtici
15.9469587040001,45.795105065,PIKULICA,vrtici
15.9316443010001,45.791163209,PIPI DUGA ČARAPA,vrtici
15.9414917710001,45.79205848,ŽABAC,vrtici
15.926571742,45.8115819720001,"DOBRI, PODRUŽNICA ZAGREB",vrtici
15.947526006,45.8222490700001,MALA KUĆA,vrtici
15.9474591600001,45.818442528,SUNČEV SJAJ  NAZARET,vrtici
15.948287007,45.8169562890001,SV. MALE TEREZIJE,vrtici
15.883854103,45.7399824190001,SV. MALE TEREZIJE,vrtici
16.0534442100001,45.832703316,DJEČJA IGRA,vrtici
16.05237637,45.832910407,DJEČJA IGRA,vrtici
15.9103029510001,45.7892748040001,DJEČJA IGRA,vrtici
16.073708056,45.8288934290001,MALI CVRČAK,vrtici
16.05345772,45.8478149480001,SV. JOSIPA,vrtici
16.0687616110001,45.8096372790001,RIBICA,vrtici
15.89525465,45.8055655380001,ČAROBNI DVORAC,vrtici
15.8958873930001,45.7986847180001,HARFA,vrtici
15.8955835310001,45.807489423,PALČIĆ,vrtici
15.8469126270001,45.815589693,BAMBI,vrtici
15.8991617880001,45.833337606,ČAROBNA KUĆICA,vrtici
15.8804696,45.8199981380001,KOŠNICA,vrtici
15.87070899,45.8237676630001,LIMAČ,vrtici
15.8699018780001,45.8227105460001,LIMAČ,vrtici
15.9848070040001,45.8611366420001,MAČAK U ČIZMAMA,vrtici
15.9447549500001,45.8429198800001,OSNOVNA ŠKOLA KREATIVAN RAZVOJ,vrtici
16.143608832,45.849975844,BALTAZAR,vrtici
15.9815887770001,45.811539086,MIRJAM WEILLER,vrtici
16.00003466,45.8091124790001,SUNČEKO,vrtici
15.9868426190001,45.8138533210001,SV. ANĐELA MERICI,vrtici
15.969409521,45.8110479470001,SV. VINKA,vrtici
15.961078292,45.8187213670001,BRAT SUNCE,vrtici
15.9788365650001,45.8243900240001,CVJETNJAK,vrtici
15.980466219,45.8504886530001,MALENI TALENTI,vrtici
15.9770902390001,45.828155957,MARIJA PETKOVIĆ,vrtici
15.967966878,45.8316124130001,OBZORI,vrtici
15.9854033130001,45.7977643420001,BLAŽENA HOZANA,vrtici
15.9901914810001,45.8032108620001,DOBRO DRVO,vrtici
15.984993913,45.800983681,VITICA,vrtici
15.9693691320001,45.7929013790001,ČIGRA,vrtici
16.001995634,45.8026735540001,ČIGRA,vrtici
16.002984686,45.821855552,JORDANOVAC,vrtici
16.141415694,45.8241006310001,KOKO,vrtici
16.110137084,45.8315971150001,MAČAK PAŠKO,vrtici
16.1382093830001,45.8796501140001,VRAPČIĆ,vrtici
16.1085884510001,45.831934102,ZVONČICA,vrtici
15.9820307800001,45.846449439,ČAROBNI SVIJET,vrtici
15.981482434,45.7830170940001,MALI ISTRAŽIVAČ,vrtici
15.9839254880001,45.759531908,DJEČJI KORACI,vrtici
16.1759451630001,45.820861854,VESELA PANDICA,vrtici
15.941780781,45.768052233,CICA MACA,vrtici
15.956363331,45.7825844180001,LEPTIRIĆ LU,vrtici
15.8990473580001,45.814761936,LEPTIRIĆ LU,vrtici
15.925527387,45.78615223,FRFI,vrtici
15.898119056,45.809603651,MONTESSORI,vrtici
15.887372365,45.8144504210001,KUĆICA,vrtici
15.933155948,45.8137116190001,KUĆICA,vrtici
15.960964034,45.824920766,SRČEKO,vrtici
15.961112572,45.8250657030001,SRČEKO,vrtici
15.9778309380001,45.819100135,ŠARENA LOPTICA,vrtici
15.9736170790001,45.8149324780001,OSNOVNA ŠKOLA LAUDER-HUGO KON,vrtici
15.9658103890001,45.7931041670001,KREATIVNI DANI,vrtici
15.9003677490001,45.80809293,MALEŠNICA,vrtici
15.9937057450001,45.8077947530001,POLIKLINIKA ZA REHABILITACIJU SLUŠANJA I GOVORA SUVAG,vrtici
16.0560796020001,45.8751056680001,KUĆICA,vrtici
16.0002254560001,45.7739709140001,CENTAR ZA AUTIZAM - predškolski program,vrtici
15.9641608650001,45.819780345,"CENTAR ZA ODGOJ I OBRAZOVANJE GOLJAK
",vrtici
15.995913784,45.731112072,BOTINEC,vrtici
15.97328278,45.8070694260001,BUDUĆNOST,vrtici
16.0064531410001,45.824081468,BUKOVAC,vrtici
16.0315345240001,45.785374528,ČIGRA,vrtici
16.0215628020001,45.80015918,DUGA,vrtici
15.908508093,45.8003369130001,FRFI,vrtici
16.081749256,45.8027286080001,JABUKA,vrtici
16.0595271830001,45.8925749000001,KOLIBRI,vrtici
16.1202787760001,45.825067555,LETEĆI MEDVJEDIĆI,vrtici
15.9935391820001,45.7313036670001,MUDRE GLAVICE,vrtici
15.922353061,45.7602896990001,PIKULICA,vrtici
15.9145142620001,45.793874997,SUNČANA,vrtici
16.0066272930001,45.7995392300001,VLADIMIRA NAZORA,vrtici
15.98909931,45.7811576880001,ZAPRUĐE,vrtici
16.0671747750001,45.8183078180001,JABUKA,vrtici
15.977821632,45.819356763,ŠARENA LOPTICA,vrtici
15.850998571,45.8165135340001,BAMBI,vrtici
